Station,Departure Time
Forest Hills,06:00
Forest Hills,06:10
Forest Hills,06:20
Forest Hills,06:30
Forest Hills,06:40
Forest Hills,06:50
Forest Hills,07:00
Forest Hills,07:06
Forest Hills,07:12
Forest Hills,07:18
Forest Hills,07:24
Forest Hills,07:30
Forest Hills,07:36
Forest Hills,07:42
Forest Hills,07:48
Forest Hills,07:54
Forest Hills,08:00
Forest Hills,08:06
Forest Hills,08:12
Forest Hills,08:18
Forest Hills,08:24
Forest Hills,08:30
Forest Hills,08:36
Forest Hills,08:42
Forest Hills,08:48
Forest Hills,08:54
Forest Hills,09:00
Forest Hills,09:12
Forest Hills,09:24
Forest Hills,09:36
Forest Hills,09:48
Forest Hills,10:00
Forest Hills,10:12
Forest Hills,10:24
Forest Hills,10:36
Forest Hills,10:48
Forest Hills,11:00
Forest Hills,11:07
Forest Hills,11:15
Forest Hills,11:22
Forest Hills,11:30
Forest Hills,11:37
Forest Hills,11:45
Forest Hills,11:52
Forest Hills,12:00
Forest Hills,12:12
Forest Hills,12:24
Forest Hills,12:36
Forest Hills,12:48
Forest Hills,13:00
Forest Hills,13:10
Forest Hills,13:20
Forest Hills,13:30
Forest Hills,13:40
Forest Hills,13:50
Forest Hills,14:00
Forest Hills,14:10
Forest Hills,14:20
Forest Hills,14:30
Forest Hills,14:40
Forest Hills,14:50
Forest Hills,15:00
Forest Hills,15:06
Forest Hills,15:12
Forest Hills,15:18
Forest Hills,15:24
Forest Hills,15:30
Forest Hills,15:36
Forest Hills,15:42
Forest Hills,15:48
Forest Hills,15:54
Forest Hills,16:00
Forest Hills,16:06
Forest Hills,16:12
Forest Hills,16:18
Forest Hills,16:24
Forest Hills,16:30
Forest Hills,16:36
Forest Hills,16:42
Forest Hills,16:48
Forest Hills,16:54
Forest Hills,17:00
Forest Hills,17:06
Forest Hills,17:12
Forest Hills,17:18
Forest Hills,17:24
Forest Hills,17:30
Forest Hills,17:36
Forest Hills,17:42
Forest Hills,17:48
Forest Hills,17:54
Forest Hills,18:00
Forest Hills,18:06
Forest Hills,18:12
Forest Hills,18:18
Forest Hills,18:24
Forest Hills,18:30
Forest Hills,18:36
Forest Hills,18:42
Forest Hills,18:48
Forest Hills,18:54
Forest Hills,19:00
Forest Hills,19:06
Forest Hills,19:12
Forest Hills,19:18
Forest Hills,19:24
Forest Hills,19:30
Forest Hills,19:36
Forest Hills,19:42
Forest Hills,19:48
Forest Hills,19:54
Forest Hills,20:00
Forest Hills,20:06
Forest Hills,20:12
Forest Hills,20:18
Forest Hills,20:24
Forest Hills,20:30
Forest Hills,20:36
Forest Hills,20:42
Forest Hills,20:48
Forest Hills,20:54
Forest Hills,21:00
Forest Hills,21:15
Forest Hills,21:30
Forest Hills,21:45
Forest Hills,22:00
Forest Hills,22:15
Forest Hills,22:30
Forest Hills,22:45
Forest Hills,23:00
Forest Hills,23:20
Forest Hills,23:40
Oak Grove,06:00
Oak Grove,06:10
Oak Grove,06:20
Oak Grove,06:30
Oak Grove,06:40
Oak Grove,06:50
Oak Grove,07:00
Oak Grove,07:06
Oak Grove,07:12
Oak Grove,07:18
Oak Grove,07:24
Oak Grove,07:30
Oak Grove,07:36
Oak Grove,07:42
Oak Grove,07:48
Oak Grove,07:54
Oak Grove,08:00
Oak Grove,08:06
Oak Grove,08:12
Oak Grove,08:18
Oak Grove,08:24
Oak Grove,08:30
Oak Grove,08:36
Oak Grove,08:42
Oak Grove,08:48
Oak Grove,08:54
Oak Grove,09:00
Oak Grove,09:06
Oak Grove,09:12
Oak Grove,09:18
Oak Grove,09:24
Oak Grove,09:30
Oak Grove,09:36
Oak Grove,09:42
Oak Grove,09:48
Oak Grove,09:54
Oak Grove,10:00
Oak Grove,10:06
Oak Grove,10:12
Oak Grove,10:18
Oak Grove,10:24
Oak Grove,10:30
Oak Grove,10:36
Oak Grove,10:42
Oak Grove,10:48
Oak Grove,10:54
Oak Grove,11:00
Oak Grove,11:06
Oak Grove,11:12
Oak Grove,11:18
Oak Grove,11:24
Oak Grove,11:30
Oak Grove,11:36
Oak Grove,11:42
Oak Grove,11:48
Oak Grove,11:54
Oak Grove,12:00
Oak Grove,12:06
Oak Grove,12:12
Oak Grove,12:18
Oak Grove,12:24
Oak Grove,12:30
Oak Grove,12:36
Oak Grove,12:42
Oak Grove,12:48
Oak Grove,12:54
Oak Grove,13:00
Oak Grove,13:07
Oak Grove,13:15
Oak Grove,13:22
Oak Grove,13:30
Oak Grove,13:37
Oak Grove,13:45
Oak Grove,13:52
Oak Grove,14:00
Oak Grove,14:10
Oak Grove,14:20
Oak Grove,14:30
Oak Grove,14:40
Oak Grove,14:50
Oak Grove,15:00
Oak Grove,15:08
Oak Grove,15:17
Oak Grove,15:25
Oak Grove,15:34
Oak Grove,15:42
Oak Grove,15:51
Oak Grove,16:00
Oak Grove,16:06
Oak Grove,16:12
Oak Grove,16:18
Oak Grove,16:24
Oak Grove,16:30
Oak Grove,16:36
Oak Grove,16:42
Oak Grove,16:48
Oak Grove,16:54
Oak Grove,17:00
Oak Grove,17:06
Oak Grove,17:12
Oak Grove,17:18
Oak Grove,17:24
Oak Grove,17:30
Oak Grove,17:36
Oak Grove,17:42
Oak Grove,17:48
Oak Grove,17:54
Oak Grove,18:00
Oak Grove,18:07
Oak Grove,18:15
Oak Grove,18:22
Oak Grove,18:30
Oak Grove,18:37
Oak Grove,18:45
Oak Grove,18:52
Oak Grove,19:00
Oak Grove,19:06
Oak Grove,19:12
Oak Grove,19:18
Oak Grove,19:24
Oak Grove,19:30
Oak Grove,19:36
Oak Grove,19:42
Oak Grove,19:48
Oak Grove,19:54
Oak Grove,20:00
Oak Grove,20:06
Oak Grove,20:12
Oak Grove,20:18
Oak Grove,20:24
Oak Grove,20:30
Oak Grove,20:36
Oak Grove,20:42
Oak Grove,20:48
Oak Grove,20:54
Oak Grove,21:00
Oak Grove,21:15
Oak Grove,21:30
Oak Grove,21:45
Oak Grove,22:00
Oak Grove,22:12
Oak Grove,22:24
Oak Grove,22:36
Oak Grove,22:48
Oak Grove,23:00
Oak Grove,23:12
Oak Grove,23:24
Oak Grove,23:36
Oak Grove,23:48
